type,name,module,path,hash
"csv","agent-manifest","_config","_config/agent-manifest.csv","fb031b00da72e5448de79d45d431d03b5187fecfa3b858f24d97c7fe1b6bd60b"
"csv","task-manifest","_config","_config/task-manifest.csv","3c12f0b84f7a1c8ad15ccf7d64958778762593b3844cf2205957921a7b43f6cc"
"csv","workflow-manifest","_config","_config/workflow-manifest.csv","1056c339bdceeebad34a81694547193eb2a9b871414a855b49ce92dcdf192f31"
"yaml","manifest","_config","_config/manifest.yaml","c075e291c41ad588bb9433adfe79fb77961cf03c5857c6ec2dc92d24de1347b1"
"md","dossier-template","_memory","_memory/documentaliste-sidecar/dossier-template.md","cd8d69d946397efea6acc305b938545062e97facbd47474564c47eac107d47f5"
"md","instructions","_memory","_memory/style-coach-sidecar/instructions.md","dd959d6275db0fe44701e16a0173eb9f4e4b8037a80ae5159470f6ca374d5459"
"md","instructions","_memory","_memory/thematic-weaver-sidecar/instructions.md","8222594a3f3186cf7f8d02cf56216b26fc89b085a324e8026433543a13d7edce"
"md","stories-told","_memory","_memory/storyteller-sidecar/stories-told.md","8d7cb6a41382340a550c88627ef0c680ee7c20d61b53a7b18994d27f2368a5d4"
"md","story-preferences","_memory","_memory/storyteller-sidecar/story-preferences.md","b269d52c87cf6913ff2ce31772ed5faa5d064ab5f6889be6c9bec3c9b2e7c47a"
"md","style-profile","_memory","_memory/style-coach-sidecar/style-profile.md","1440ebd6bc75116a812b1bef1687a71ab539b3ec6901066c6c7c958f565023bc"
"md","tracking","_memory","_memory/thematic-weaver-sidecar/tracking.md","f906bc8310499bcaf3adfa0ad186ae6843d920f2bf39021ba905685b1670c112"
"yaml","character-keeper.sidecar","_memory","_memory/character-keeper-sidecar/character-keeper.sidecar.yaml","e51ff613e021292bf09305ce2b8f570ddc3abcac34ab4ce9403c377b29fbee8d"
"yaml","config","_memory","_memory/config.yaml","edb3a5314d4fd63227ca150da38d39414354618ecb49bbf02f962dcf2ad144d1"
"backup","step-06-provide-corrections.md","bmad-book-builder","bmad-book-builder/workflows/reality-check/steps-c/step-06-provide-corrections.md.backup","633b5f433c1f0008f3b855912c25523b1d77abd7d158c45f39d233fa3df23878"
"file",".gitkeep","bmad-book-builder","bmad-book-builder/workflows/export-bible/steps-e/.gitkeep","f21b6cd3dc458d59d49bbdd62ff3f1b91844b2f074fb489f2ef1560e802fe6a4"
"file",".gitkeep","bmad-book-builder","bmad-book-builder/workflows/export-bible/steps-v/.gitkeep","a1979e723b38a131b8d4a7d30b579d86f7bbf2b6de0be67bdb1ff5a6d6769bd5"
"file",".gitkeep","bmad-book-builder","bmad-book-builder/workflows/status-report/steps-e/.gitkeep","59ff4ec53a4c53fa1be5cf6540475f0674f4e61020ff33339fdd45472b16b995"
"file",".gitkeep","bmad-book-builder","bmad-book-builder/workflows/status-report/steps-v/.gitkeep","9536217763e3181af4a7c808ece5f2a74f9f520456c3fb2915ddfbe1bf16d18e"
"md","acceptance-dialogue","bmad-book-builder","bmad-book-builder/workflows/style-capture/data/procedures/acceptance-dialogue.md","7884e4d90388047930aaeac9bae331ef4f0260cda32065887029cbcd0e1e9d19"
"md","agents","bmad-book-builder","bmad-book-builder/docs/agents.md","a7b49f0e81e6027195ac4a342efd8322236b38e28382d6e46a8e6cb1a4288987"
"md","analysis-procedures","bmad-book-builder","bmad-book-builder/workflows/status-report/data/analysis/analysis-procedures.md","1b8c5f4b78e4385990a7512f5ac7823d45c0f2c5695702ccc08a727d4fe95522"
"md","anti-patterns-guide","bmad-book-builder","bmad-book-builder/workflows/style-capture/data/references/anti-patterns-guide.md","1f0ad88bbf87e97f020e0475753143fa08f977eea1f5ee56aad7b8d8652712a5"
"md","anti-slop-checklist","bmad-book-builder","bmad-book-builder/workflows/chapter-write/data/anti-slop-checklist.md","5bf0f7c616e2d23af799903d8c7accd2e94ba2b1067f1209f69b2f291c2eee7f"
"md","approval-workflow","bmad-book-builder","bmad-book-builder/workflows/bible-update/data/references/approval-workflow.md","7f7e99e27f08d11de653ed17b1b37fad2b6868e4cf65a3ca12c61a0a71055434"
"md","arc-progression-verification","bmad-book-builder","bmad-book-builder/workflows/character-audit/data/references/arc-progression-verification.md","7d9b040ab90d7fc420b6130be14978248becc2c95846fd851d34163db2c2755f"
"md","audit-chain-user-flow","bmad-book-builder","bmad-book-builder/workflows/chapter-write/data/references/audit-chain-user-flow.md","d4058e8f05fe35caf5c5e8bbbbb6f81f9ffd32fb757c48f48e3ea985582a09b4"
"md","audit-procedures","bmad-book-builder","bmad-book-builder/workflows/audit-project/data/references/audit-procedures.md","6e436f505ee67d4fac09c7224444a656d91fa4ef6834e4458d9fbed0f6cd188a"
"md","audit-project.spec","bmad-book-builder","bmad-book-builder/workflows/audit-project/audit-project.spec.md","151e5a4095a47c407b339c0291e53414e1cecbdd06bba0c653a426b636e129c6"
"md","audit-report-template","bmad-book-builder","bmad-book-builder/workflows/audit-project/data/templates/audit-report-template.md","4a364222ece7b92ea421088d172d2fca5557081944835d17a3130f596c20c6e9"
"md","audit-report-template","bmad-book-builder","bmad-book-builder/workflows/character-audit/data/templates/audit-report-template.md","8561d58780e950b952a9331a2cedcc1ed99a5f839fd3b209ffea1412f6ca335e"
"md","audit-template","bmad-book-builder","bmad-book-builder/workflows/audit-project/data/audit-template.md","e1f9a837b9904bafd4934999c6965be62002210dd68ff40ec88053092a3bacb4"
"md","automated-audit-chain","bmad-book-builder","bmad-book-builder/workflows/chapter-write/data/references/automated-audit-chain.md","bebc01ab223e1b0414416db557333b97ae2007596c3d2a4dbd998e6a9fd9c6f1"
"md","bbb-folder-structure","bmad-book-builder","bmad-book-builder/workflows/project-onboarding/data/references/bbb-folder-structure.md","f6dc4be8ff1f4b380cb9a493fbdd37b36b6cd7b673be12dfff7116172110b28d"
"md","beat-mapping-system","bmad-book-builder","bmad-book-builder/workflows/rhythm-analysis/data/references/beat-mapping-system.md","957080d1f9ce17f2f305e24b772039f18f280c6a3611f58af0edd5586ba1985e"
"md","bible-dimension-formatting-specs","bmad-book-builder","bmad-book-builder/workflows/export-bible/data/references/bible-dimension-formatting-specs.md","5991537465551930ad0e04319cc13ba50617ea137b632956c0ae3efba959d4da"
"md","bible-edit-protocols","bmad-book-builder","bmad-book-builder/workflows/living-bible/data/references/bible-edit-protocols.md","a9016504e3188c0ea100667a4c7b335c63bc3eb446306fc60975234700b965eb"
"md","bible-template","bmad-book-builder","bmad-book-builder/workflows/export-bible/data/bible-template.md","48995ef7d7b59b4609ff03ca4f0cd48d6d9271d657e766be0b6dbe1132bc4771"
"md","bible-update-procedures","bmad-book-builder","bmad-book-builder/workflows/bible-update/data/references/bible-update-procedures.md","93ef8fe0fc5e5f9cd9b3098e7f46177262a0c5a54e8fe29693b781210ead3362"
"md","bible-update.spec","bmad-book-builder","bmad-book-builder/workflows/bible-update/bible-update.spec.md","8cb2f8bd48b4991dcb5e65670f88f783881fec98b150662783b71958fa8c1649"
"md","build-characters.spec","bmad-book-builder","bmad-book-builder/workflows/build-characters/build-characters.spec.md","345d529b5836a42697f2013c65ecca15fbcc1330779d7dc257caa9b4d934d087"
"md","chapter-analysis-template","bmad-book-builder","bmad-book-builder/workflows/theme-tracker/data/chapter-analysis-template.md","be90d5a7d4153b80ffa01a2742a957fcbb3634fc72d04f045666507892927498"
"md","chapter-finalization-procedures","bmad-book-builder","bmad-book-builder/workflows/chapter-write/data/references/chapter-finalization-procedures.md","b8bf36e3f2ed294812924c164c05f9782e382efd27e3fcb91a608d509ca92ade"
"md","chapter-frontmatter-template","bmad-book-builder","bmad-book-builder/workflows/project-onboarding/data/templates/chapter-frontmatter-template.md","8ab7af9b622b439791cfe2c7b7da025b1f3f85d0aafe8365e501ed840fffd082"
"md","chapter-plan-template","bmad-book-builder","bmad-book-builder/workflows/foundation/data/chapter-plan-template.md","7178f418ab27699eaa5d412a4d01f9b57161c231d7619966d66c4fbb72cc86d6"
"md","chapter-template","bmad-book-builder","bmad-book-builder/workflows/chapter-write/data/chapter-template.md","91b47e354872fe1857973e11f3e138327132d46be2c629d5f1c6cf95aa364d8a"
"md","chapter-write.spec","bmad-book-builder","bmad-book-builder/workflows/chapter-write/chapter-write.spec.md","2ec10e13f9df20ba1fa6f054120f93b3b02042e4452c3520f77a1cc3dd4f3c0a"
"md","character-analysis","bmad-book-builder","bmad-book-builder/workflows/review/data/analysis-procedures/character-analysis.md","c493ee328115a0f8842e6ca85f25cf3069305e8d7234867d1f5962d3eca4fb60"
"md","character-audit.spec","bmad-book-builder","bmad-book-builder/workflows/character-audit/character-audit.spec.md","1ab35fdd5de0855055bca791118480c6ac0f0458a83b9f90ee04fc9324d187e2"
"md","character-format-guide","bmad-book-builder","bmad-book-builder/workflows/living-bible/data/references/character-format-guide.md","8469d3cbc96501c30e237f1035117f35cc8b78de966eccb306796ee91868a4d3"
"md","character-frameworks","bmad-book-builder","bmad-book-builder/workflows/build-characters/data/references/character-frameworks.md","6c8350dcdee053105733054480a6cd570b0a05f4fd24da88c6e2b3e0c6b7b964"
"md","character-phases","bmad-book-builder","bmad-book-builder/workflows/living-bible/data/references/character-phases.md","2a893cee972875d48f400d14085b26005f321b47ae4d16d27aac50ee56f79390"
"md","character-state-format","bmad-book-builder","bmad-book-builder/workflows/living-bible-draft-backup/data/references/character-state-format.md","c4cdd320418b6350b3904ada9e9bbf2978da6fea0a9150f85dd0def7b4fd1e93"
"md","character-summary-entry","bmad-book-builder","bmad-book-builder/workflows/export-bible/data/templates/character-summary-entry.md","95e9fa6260f913645c9e90233980d3af2a0bc420bfdbef7bb151ab0d56a9e956"
"md","character-template","bmad-book-builder","bmad-book-builder/workflows/build-characters/data/character-template.md","4bb72833cb787d94bea506a6f462def7109bc503e116d81f2f7f27a8b336cd88"
"md","character-update-procedures","bmad-book-builder","bmad-book-builder/workflows/living-bible/data/references/character-update-procedures.md","ab1c07a2c3b665a3a640d2debd2a9e73557d7708634a422e13e78ab2eeead85c"
"md","character-yaml-template","bmad-book-builder","bmad-book-builder/workflows/project-onboarding/data/templates/character-yaml-template.md","3eb80cdee4dbb9e97f8360bba1e9054ab5b80cb8deba36df6519ad4554fc5de3"
"md","claim-template","bmad-book-builder","bmad-book-builder/workflows/reality-check/data/claim-template.md","1534f9c0a8f442f595733161c11377916269b08aef5812392d9bc0eeee5405d3"
"md","collection-dialogue","bmad-book-builder","bmad-book-builder/workflows/style-capture/data/procedures/collection-dialogue.md","8b1ef5dfef3a3f5ec11dff9245870d1af3c2b939ff5c11b7d254ae4bb32df6c1"
"md","completion-summary-template","bmad-book-builder","bmad-book-builder/workflows/research/data/templates/completion-summary-template.md","2636c78629c8b6691cb06badd87e78810bf436cba3a8f7f57c7cebbb3f19abbc"
"md","confirmation-templates","bmad-book-builder","bmad-book-builder/workflows/status-report/data/generation/confirmation-templates.md","b40f8b8aff6234bca4662f3a29f7b4dac206c24e3274c8b169a827f4b4b66340"
"md","consistency-verification-framework","bmad-book-builder","bmad-book-builder/workflows/theme-tracker/data/references/consistency-verification-framework.md","a741b342cbeeba75d76a5942fa864f829dac5f3e78cd1ffea9bcbf7db32d87b9"
"md","content-detection-patterns","bmad-book-builder","bmad-book-builder/workflows/project-onboarding/data/references/content-detection-patterns.md","ed0ae66ae05f9cc5b446669438095033113eb18f7bfd86b9a23901bd1ca74b6a"
"md","contradiction-audit-framework","bmad-book-builder","bmad-book-builder/workflows/character-audit/data/references/contradiction-audit-framework.md","4f2cf67a96c91e421b4f94f1fda908d3e161d971ef2c1ea54653c53d4b41ac47"
"md","correction-development","bmad-book-builder","bmad-book-builder/workflows/reality-check/data/references/correction-development.md","17c019644717d8a3a5d8a326801a81c33af89e4d34b7e9b1680cf2c1e2c84d20"
"md","correction-procedures","bmad-book-builder","bmad-book-builder/workflows/reality-check/data/references/correction-procedures.md","23f1b5b32d867fb926b067b2e3d81bbbb0e2eb7066aaede00bc4e20f87aba39f"
"md","custom-framework","bmad-book-builder","bmad-book-builder/workflows/foundation/data/custom-framework.md","d3cfc6e6c8ede5c4f62c124799e27b7b92f912abb8dadda0f4b6be7bd3b13e40"
"md","demo-project-plan","bmad-book-builder","bmad-book-builder/docs/demo-project-plan.md","24253ae3854e02892692aac22e6a76cade4d6ff2f21aea0a178178b37e30befe"
"md","discovery-output-template","bmad-book-builder","bmad-book-builder/workflows/foundation/data/templates/discovery-output-template.md","d40e1ed1664fc1e5f475ab320bf20eb4aa168c4eaba95a6bb313bb99d9fadda4"
"md","dossier-structure-template","bmad-book-builder","bmad-book-builder/workflows/research/data/templates/dossier-structure-template.md","a1e6b7905f9ecd90afc34ed7017301e166b276ecb71029c2b36971cc94c0876e"
"md","dossier-template","bmad-book-builder","bmad-book-builder/workflows/reality-check/data/dossier-template.md","05a8c93df0b7c1331ab8d17daac883a9fb4e58d3308d9d40b5c9da64d59c7dae"
"md","e01-select-dossier","bmad-book-builder","bmad-book-builder/workflows/research/steps-e/e01-select-dossier.md","a0662c1ec041d6ca0536863a548f3a9f4804876b50ceafbe58d89fe2735ec225"
"md","e02-assess-gaps","bmad-book-builder","bmad-book-builder/workflows/research/steps-e/e02-assess-gaps.md","e8705caf4fbfc3015f70b6df0fb27bbf88db0ad6383d9644dc0c221722a38e5a"
"md","e03-gather-new-info","bmad-book-builder","bmad-book-builder/workflows/research/steps-e/e03-gather-new-info.md","0fda77db8d933b36504efbf320bcc4cd3bfe023761e19c42fc7550463e4855be"
"md","e04-update-dossier","bmad-book-builder","bmad-book-builder/workflows/research/steps-e/e04-update-dossier.md","e3a32d939f296a25634b5b5cbe5a36f8d40a88e41fe0971ac84566e9457bdfd3"
"md","emotion-template","bmad-book-builder","bmad-book-builder/workflows/theme-tracker/data/emotion-template.md","eb2e2508ccb4727b47fc766dda82743204c3729088292c435731ea6463256a2e"
"md","emotional-mapping-framework","bmad-book-builder","bmad-book-builder/workflows/theme-tracker/data/references/emotional-mapping-framework.md","30739e7be8efe74cd5d827b8abab59f9a9e33c69de671f2c904969b90579fb96"
"md","example-dossier","bmad-book-builder","bmad-book-builder/workflows/research/data/example-dossier.md","a512f15785c8bf691e53411828746cfd07944554cf3abcf3c50d75b5263d5844"
"md","examples","bmad-book-builder","bmad-book-builder/docs/examples.md","e42447cb3767c2866de6811f76bf0a230bf0a1c435c4ad8e330e3b237e860e52"
"md","execution-log-template","bmad-book-builder","bmad-book-builder/workflows/project-onboarding/data/templates/execution-log-template.md","030a2e173c8137e971c2e17318b7b58f9fd726589360de026ea4857a52ee9b87"
"md","execution-modes","bmad-book-builder","bmad-book-builder/workflows/chapter-write/data/references/execution-modes.md","821434fc827ebb179e9455f100ff2c465a4e0163ef5ef59ce8b63f24b0140be5"
"md","export-bible.spec","bmad-book-builder","bmad-book-builder/workflows/export-bible/export-bible.spec.md","1824a274a67bd2235fe3a0920f7750fb91881712cc7466823a9c6af84dfb647d"
"md","export-procedures","bmad-book-builder","bmad-book-builder/workflows/export-bible/data/references/export-procedures.md","266ffcb10e6ad7f40216fe7debd5794c14c0989128cbe9d2a4ce487930407c0f"
"md","extraction-example-bad","bmad-book-builder","bmad-book-builder/workflows/bible-update/data/extraction-example-bad.md","d9ab8dd87cf60211ac6501f1f5ede7fa989e0e33e0f2d2ab3ec405a7015cb281"
"md","extraction-example-good","bmad-book-builder","bmad-book-builder/workflows/bible-update/data/extraction-example-good.md","4c10850e73cee9145c1de49d9f36fad0ce2c69eee66bd6e9166ea050059baf4b"
"md","extraction-protocols","bmad-book-builder","bmad-book-builder/workflows/bible-update/data/references/extraction-protocols.md","4c24398ba915f82e0a23ae5e270867fbdf6065f8b5a9cefe60a09d130fbec498"
"md","factual-claims","bmad-book-builder","bmad-book-builder/workflows/reality-check/data/extraction-procedures/factual-claims.md","809a0136dc79fc1381983a7de1f99217720c0138c9625a89d1cfb89d75a41d31"
"md","final-report-template","bmad-book-builder","bmad-book-builder/workflows/reality-check/data/templates/final-report-template.md","7e550b57ead8745346a49a3af8a8699ca51ce41920ce448c5fa0185847d64d8e"
"md","final-summary-template","bmad-book-builder","bmad-book-builder/workflows/project-onboarding/data/final-summary-template.md","ea1c7f7e0b301dcdd3c7628acfa6be0bc4b0461295f6c1c9bfce5bf720e16db0"
"md","flow-assessment-criteria","bmad-book-builder","bmad-book-builder/workflows/rhythm-analysis/data/references/flow-assessment-criteria.md","4afc417d6ef3d6cc3a1f13e7abfea0ef7f04e0f0a76279ff136284d6f79e4764"
"md","foundation.spec","bmad-book-builder","bmad-book-builder/workflows/foundation/foundation.spec.md","ce6e6b5d61a921fe9890d42cf5fd1bd383d2a21b0588e617df2110ac4788db16"
"md","four-pillars-questions","bmad-book-builder","bmad-book-builder/workflows/foundation/data/templates/four-pillars-questions.md","7cbb96640dd8a8d2500d0a74847e2ce338377457d1fcda0317cafc0dd9cbce5f"
"md","framework-completion-message","bmad-book-builder","bmad-book-builder/workflows/framework-select/data/references/framework-completion-message.md","ab2d8ca7a40e2dc1c9371c630975a6d040db42d553d8bf3da5a3e67786b59c22"
"md","framework-overview","bmad-book-builder","bmad-book-builder/workflows/framework-select/data/references/framework-overview.md","b7b8f6c89cb84cc648b8b3e162b1cbbcb3215506ced8d10f8d449c3025031b2e"
"md","framework-select.spec","bmad-book-builder","bmad-book-builder/workflows/framework-select/framework-select.spec.md","de5cdaa093ad3056e38b51fc664c7c5b18db1492a500f6c603f8f9606089d39d"
"md","framework-selection-guide","bmad-book-builder","bmad-book-builder/workflows/foundation/data/references/framework-selection-guide.md","bfa0a228065b5f3341eeea3ef86b19ce2e4ee61a72265111bc054c54f359d4de"
"md","framework-selection-procedures","bmad-book-builder","bmad-book-builder/workflows/framework-select/data/references/framework-selection-procedures.md","e878e3fb0ad8efce0e21ead0618a73587f1cfdee76180b6139d25731d0ae3f2f"
"md","framework-summary-template","bmad-book-builder","bmad-book-builder/workflows/foundation/data/framework-summary-template.md","6e8c4b721de016c281f2f3fa49055663e3df8f78849b992a3ac2afd8065170b8"
"md","gap-detection-criteria","bmad-book-builder","bmad-book-builder/workflows/project-onboarding/data/references/gap-detection-criteria.md","ceb763c4e1ad9afb7395fbc5789d7e09b4a6f02d8e62db112680ea428af57c03"
"md","gap-report-template","bmad-book-builder","bmad-book-builder/workflows/project-onboarding/data/gap-report-template.md","409fd754b754a5d763d51de81cb2c5dd0ffc4589fd0df921bca0969aafed97cf"
"md","generation-guidelines","bmad-book-builder","bmad-book-builder/workflows/build-characters/data/references/generation-guidelines.md","f8d3802417f375147c4fd4f852c4fcdca007e95b88cef8f9d6c03e9d5dbf4261"
"md","getting-started","bmad-book-builder","bmad-book-builder/docs/getting-started.md","c4ea3c19dd3ba2c8e58c28d94c4b6853c9b4408f93c509c21608efe370c07b2f"
"md","heros-journey","bmad-book-builder","bmad-book-builder/workflows/foundation/data/heros-journey.md","baae7e2297cb7b84e64c8f2c97d7de30185ffd4bb83451bcf2ba735ba75f3a4c"
"md","heros-journey-structure","bmad-book-builder","bmad-book-builder/workflows/framework-select/data/references/heros-journey-structure.md","69eb8ac8788049b5b765f8e147ea57329864b7984ac3da3d96c1809a9f6db8a3"
"md","initialization-procedures","bmad-book-builder","bmad-book-builder/workflows/review/data/initialization-procedures.md","035289748ebab771b92b17a8bd25518e6ad4000454326251196f759402e6de31"
"md","integrity-check-protocols","bmad-book-builder","bmad-book-builder/workflows/living-bible/data/references/integrity-check-protocols.md","cf8fd05b0616e8e2a4bef5f20dc373b1e8a80688d5f5e25c4653e076b313f990"
"md","issue-identification","bmad-book-builder","bmad-book-builder/workflows/reality-check/data/procedures/issue-identification.md","74fc8856417b8554f85add4e5ccf8ad43b55bd982b9d24f0502e2caf1d244c65"
"md","issue-template","bmad-book-builder","bmad-book-builder/workflows/reality-check/data/issue-template.md","84c496f66240065a54e6a6273aae07eeba44c09af852998d5713b38cc989a1ac"
"md","issues-identified-template","bmad-book-builder","bmad-book-builder/workflows/reality-check/data/templates/issues-identified-template.md","bcaaa093c13a231b3413e64ba94c2bd9ba7c823ced7efcbf182c013b58e3ef1a"
"md","living-bible.spec","bmad-book-builder","bmad-book-builder/workflows/living-bible-draft-backup/living-bible.spec.md","34de193825bf7e45997d99a03da5526a68ffa2128e56bd78d216c3dfc1ea2dff"
"md","loading-procedures","bmad-book-builder","bmad-book-builder/workflows/review/data/loading-procedures.md","89310f5e7f4086c167848d304febfb070f4742eb69115405da4ede6b48f99281"
"md","location-analysis","bmad-book-builder","bmad-book-builder/workflows/review/data/analysis-procedures/location-analysis.md","aff3fe8053ffbc697853cb8342e30404b6dd22695928cbe49540983823f0a9fa"
"md","locations-template","bmad-book-builder","bmad-book-builder/workflows/living-bible/data/locations-template.md","1cb101da37af6032b4c64453c22c50591d5f26daadd01ff81344aaadaf350057"
"md","locations-template","bmad-book-builder","bmad-book-builder/workflows/living-bible-draft-backup/data/locations-template.md","1cb101da37af6032b4c64453c22c50591d5f26daadd01ff81344aaadaf350057"
"md","logical-claims","bmad-book-builder","bmad-book-builder/workflows/reality-check/data/extraction-procedures/logical-claims.md","bb6f7fca8dae2b3741ed8e5fea9dc6b05b6a5d8980022382c5879dd92df9e665"
"md","metrics-framework","bmad-book-builder","bmad-book-builder/workflows/audit-project/data/references/metrics-framework.md","575a24bb5c246af93574a789d73e8595e6da8b8c0c3f34e2ff499df3ea4ee5e3"
"md","migration-plan-template","bmad-book-builder","bmad-book-builder/workflows/project-onboarding/data/migration-plan-template.md","f32aec6c07ec8cdcee6c2826be3facb5cd8602dd3eeed1602d0f96d86a78b485"
"md","migration-procedures","bmad-book-builder","bmad-book-builder/workflows/project-onboarding/data/references/migration-procedures.md","b43cdf6b67b12d7efc342e6c1ccb48faeb593982140d65c7716b3a2ccc2df167"
"md","mode-procedures","bmad-book-builder","bmad-book-builder/workflows/build-characters/data/procedures/mode-procedures.md","2d1118613a37526a0f93618142cf5d27f0a56e0f743611b4466f0ab06c26f09d"
"md","multi-agent-review-specification","bmad-book-builder","bmad-book-builder/workflows/chapter-write/data/references/multi-agent-review-specification.md","00a6c62df7c5707d8984d265fe5faa72556669ff71113e733fcf3a265eec7a41"
"md","object-analysis","bmad-book-builder","bmad-book-builder/workflows/review/data/analysis-procedures/object-analysis.md","56b827e49cc5ad14ff701b96b5237f21fb3a69c5842b0be9419face784884545"
"md","objects-template","bmad-book-builder","bmad-book-builder/workflows/living-bible/data/objects-template.md","d5dc7dcbda22bcd47fa49abefa990656f4256b23145ec55a6f68f6eafa261661"
"md","objects-template","bmad-book-builder","bmad-book-builder/workflows/living-bible-draft-backup/data/objects-template.md","d5dc7dcbda22bcd47fa49abefa990656f4256b23145ec55a6f68f6eafa261661"
"md","organized-research-output-format","bmad-book-builder","bmad-book-builder/workflows/research/data/references/organized-research-output-format.md","26e4302c5c83adb8c5f05518c27ea9084d4ce87f69a1937cb1582dd8f61bac70"
"md","pacing-analysis-framework","bmad-book-builder","bmad-book-builder/workflows/rhythm-analysis/data/references/pacing-analysis-framework.md","60d917096ec128e9ba49e5df360a6bf74e204b314f73a7c824300759193452e1"
"md","people-template","bmad-book-builder","bmad-book-builder/workflows/living-bible/data/people-template.md","c008bf504fe6e10ad0e4b895797822d994c33d8c2cd04108f8539d0c97ce55c7"
"md","people-template","bmad-book-builder","bmad-book-builder/workflows/living-bible-draft-backup/data/people-template.md","c008bf504fe6e10ad0e4b895797822d994c33d8c2cd04108f8539d0c97ce55c7"
"md","placeholder-content","bmad-book-builder","bmad-book-builder/workflows/export-bible/data/templates/placeholder-content.md","9be188e7110b1b8b166c917b1a9601efe65536f8b83acb260fba50ad4dd4e987"
"md","plot-hole-analysis","bmad-book-builder","bmad-book-builder/workflows/review/data/analysis-procedures/plot-hole-analysis.md","2317f21c39c1a7063e2fad71662043bc094d44782e72ce9c9f771c45728b12a9"
"md","pre-writing-checklist","bmad-book-builder","bmad-book-builder/workflows/chapter-write/data/references/pre-writing-checklist.md","760413ccc1f5a85e189ad757716b9c794201d7eba0e838ac7ba141b7bc133c9b"
"md","presentation-templates","bmad-book-builder","bmad-book-builder/workflows/reality-check/data/templates/presentation-templates.md","0fd7d1cdb2168157bf53648fbbbe88ac2f126797cbf73a6fa41b5b9c31013927"
"md","presentation-templates","bmad-book-builder","bmad-book-builder/workflows/status-report/data/presentation/presentation-templates.md","ca3dca61d40c10d91e0dfd1b33fef4f28e4d80ae795a23dfd2c1b28b1bcb5eaf"
"md","profile-summary-template","bmad-book-builder","bmad-book-builder/workflows/style-capture/data/templates/profile-summary-template.md","c7a48ab944eed1cf7319700cdd35eff5e8615db280f2b6d942c5159657bc2a88"
"md","project-onboarding.spec","bmad-book-builder","bmad-book-builder/workflows/project-onboarding/project-onboarding.spec.md","5cb15a08a50aebf239fdb074878757396d54458fcc6c1cf0cb32c4c5f3c63014"
"md","psychological-5-phase","bmad-book-builder","bmad-book-builder/workflows/foundation/data/psychological-5-phase.md","d6313f366a83a2b8aabfc1799a68921493140a7f924401ad92e4c0788cf10d05"
"md","psychological-coherence-analysis","bmad-book-builder","bmad-book-builder/workflows/character-audit/data/references/psychological-coherence-analysis.md","b7cde7fbec615bf1f08d57b8292fe3d97d005b37c6b1c9f06af1fa0366cc2aeb"
"md","psychological-phases","bmad-book-builder","bmad-book-builder/workflows/living-bible-draft-backup/data/references/psychological-phases.md","70594b5222030f93bcd1e856a18e007f90e294a9d4423573a7daca9dd4604fa3"
"md","README","bmad-book-builder","bmad-book-builder/README.md","3b43a9976ebf2a6020b0e59314754eea161e0e419c84754b0faad8cdd2fa321b"
"md","reality-check.spec","bmad-book-builder","bmad-book-builder/workflows/reality-check/reality-check.spec.md","8880f5f697e757a44bd4692ad177dc32e0d9c87e231466bd2ba7d3a6bbb9a064"
"md","REFACTORING_SUMMARY","bmad-book-builder","bmad-book-builder/workflows/living-bible/data/references/REFACTORING_SUMMARY.md","caef25309bf2ca211cffab2bffb9c7d16bdd9e0da76347a5a7107e4278297930"
"md","reference-check-metrics","bmad-book-builder","bmad-book-builder/workflows/reality-check/data/references/reference-check-metrics.md","8047e8160c48b2e18d1f2f1a00381d1498ce2da3c279ff3f0b77c19738057a30"
"md","reference-check-output","bmad-book-builder","bmad-book-builder/workflows/reality-check/data/references/reference-check-output.md","d8bfa085ab37faf74797aae26844a3edfdecdf3544dfcae15994199a728b18f7"
"md","reference-check-summary","bmad-book-builder","bmad-book-builder/workflows/reality-check/data/references/reference-check-summary.md","443333104d79f5f5484d2a1ccfc4c65e2debb4391c0925977fe3cb9dccd18fc9"
"md","reference-checking","bmad-book-builder","bmad-book-builder/workflows/reality-check/data/verification/reference-checking.md","c3afa34343fd2b04f786ab18f271faa1183aaccf3898629a611ddbd58cca6734"
"md","report-template","bmad-book-builder","bmad-book-builder/workflows/review/data/report-template.md","c991670be1a2a85021135929a3c206398086fb4bae01aa0706a7ab68840bb8f3"
"md","report-template","bmad-book-builder","bmad-book-builder/workflows/rhythm-analysis/data/templates/report-template.md","f2289703adbb6ddf9b7f1973948f574e38550af7e100b855ef2719af00fe10e7"
"md","report-template","bmad-book-builder","bmad-book-builder/workflows/status-report/data/report-template.md","a3ea0d18d7edbb91222bbc0654a7ddd29ac09bddbd7acb16357edfe749ab245f"
"md","required-inputs-specification","bmad-book-builder","bmad-book-builder/workflows/chapter-write/data/references/required-inputs-specification.md","ccd7e087cbfd1d8db90f1da0b4878598281a9bea8fe3b2814aaeb140d47b29ce"
"md","research-index-template","bmad-book-builder","bmad-book-builder/workflows/research/data/templates/research-index-template.md","2ff04f5b41e83401bce071ebb2b877b4c21b5d5404ccc91135e4ecab25e52fc0"
"md","research-organization-framework","bmad-book-builder","bmad-book-builder/workflows/research/data/references/research-organization-framework.md","faa9b0199d02028e4f240bbe677d2e293a0538927bba126688fb0dcd357c3522"
"md","research.spec","bmad-book-builder","bmad-book-builder/workflows/research/research.spec.md","74b8790c1104ddd471be4e945e740af90b9f4a88f03bc2ef8fcf9408ed58f96b"
"md","review-completion-reference","bmad-book-builder","bmad-book-builder/workflows/style-capture/data/references/review-completion-reference.md","3c5915e8c49890c369dd1c82a68bcf7157ac6aaa9fb3956ce1b766742e6c05d3"
"md","review-edit-procedures","bmad-book-builder","bmad-book-builder/workflows/build-characters/data/references/review-edit-procedures.md","cefe782eabd7c904bce0d9258d4eca3a328b456ff2dc1d60cdc694f4b03c700d"
"md","review-validation-dialogue","bmad-book-builder","bmad-book-builder/workflows/style-capture/data/procedures/review-validation-dialogue.md","a066f026f47fb6c3607205c5ea75b133357e068d7cbae1ac820495bd174b8582"
"md","review.spec","bmad-book-builder","bmad-book-builder/workflows/review/review.spec.md","6398341e28d7f6f796e5db5bc9239085c390aad8d995c96b4157957b2fb3a178"
"md","rhythm-analysis.spec","bmad-book-builder","bmad-book-builder/workflows/rhythm-analysis/rhythm-analysis.spec.md","e1f157482d5e56cca74b39a6283fd9691506f57ed4419382c70c8741aeb6c55a"
"md","save-the-cat","bmad-book-builder","bmad-book-builder/workflows/foundation/data/save-the-cat.md","e5c93a730ff820f9d74bdeb7e0ebd5292e9846d66028e05fe0069ae47fa18f8f"
"md","save-the-cat-structure","bmad-book-builder","bmad-book-builder/workflows/framework-select/data/references/save-the-cat-structure.md","30d15d81aec482e291b1d0e07c7d0c3ec108d6f3133805e9395b84a394af5014"
"md","scan-procedures","bmad-book-builder","bmad-book-builder/workflows/status-report/data/analysis/scan-procedures.md","daadccfddf5048f7d171bd461c0fbf2b93fc1b94f0e973911395e1bec2eb4d74"
"md","scoring-systems","bmad-book-builder","bmad-book-builder/workflows/audit-project/data/references/scoring-systems.md","232b9133d39ea04c6e2b5508dd211acd7570cb60f4077acaadb86d243ba0604e"
"md","section-headers","bmad-book-builder","bmad-book-builder/workflows/export-bible/data/templates/section-headers.md","823ff6036aef241f73e84ee02cb7f11ee4abfdcd7ee3d8cac7b8f4dc6da89ffd"
"md","section-templates","bmad-book-builder","bmad-book-builder/workflows/status-report/data/reports/section-templates.md","31d7e1af72d69b42523de3c8a5aa88c44b0aa5f93cc985de2bf338a61c926f59"
"md","severity-classification","bmad-book-builder","bmad-book-builder/workflows/reality-check/data/references/severity-classification.md","a5dc0183bbb23eb244cef7fe88a9247bb5ad68320c827cc98906733c03bcb92e"
"md","severity-classification","bmad-book-builder","bmad-book-builder/workflows/review/data/classification-rules/severity-classification.md","3b9966f9c0a93bf74672ed524f6747ffc6b50f355e441cfa7743261135a6770b"
"md","snowflake-method","bmad-book-builder","bmad-book-builder/workflows/foundation/data/snowflake-method.md","a49a03c7210663306fba600af1181777fda9c1d77214f0aa7d75925acfafdb9b"
"md","snowflake-structure","bmad-book-builder","bmad-book-builder/workflows/framework-select/data/references/snowflake-structure.md","334c9dc7b71eff42197361e0838dafb4d2a64e55239bed3023e7a30497b1d895"
"md","source-evaluation","bmad-book-builder","bmad-book-builder/workflows/research/data/source-evaluation.md","a19e759e175957078e8fb32fe2924af52fab593637989438f413812779d2eb0e"
"md","status-report-template","bmad-book-builder","bmad-book-builder/workflows/status-report/data/status-report-template.md","72268f76ac061b100f153c5ab96f1ccc53db5101955394733c14bd6b416bee10"
"md","status-report.spec","bmad-book-builder","bmad-book-builder/workflows/status-report/status-report.spec.md","a3d79cee08bd60100f8e0d726dd1ea6b3419280ae8e09c8f66a64cfbe4237ab8"
"md","step-01-analyze","bmad-book-builder","bmad-book-builder/workflows/framework-select/steps-c/step-01-analyze.md","0cd0269761e9e0eb1a460cb57912964e969ede6f3e449d383246015dd6942f4a"
"md","step-01-assess","bmad-book-builder","bmad-book-builder/workflows/build-characters/steps-e/step-01-assess.md","c815e34e61bd3429f781f3ddee49a12fdf9000f823038d8ad53d634aa15c0cd9"
"md","step-01-collect","bmad-book-builder","bmad-book-builder/workflows/style-capture/steps-c/step-01-collect.md","371ad6eaf8adeb1ffb3943f1991136894f607950126e64cfe9b9e8598a14a767"
"md","step-01-discover","bmad-book-builder","bmad-book-builder/workflows/project-onboarding/steps-c/step-01-discover.md","aa9b7a4df03e2fdcd84f2e6d6cefb0c738adad5afa592c785c8c070ffb4667d7"
"md","step-01-init","bmad-book-builder","bmad-book-builder/workflows/build-characters/steps-c/step-01-init.md","6c4cd1ce869b752bd199de5a9af46e1b3ad0d47c6ee92f8e244c28adf8e38421"
"md","step-01-init","bmad-book-builder","bmad-book-builder/workflows/chapter-write/steps-c/step-01-init.md","0ed82eb684772bcb8f14e52182b84cd985e433b4ef7220706a8d4c4cdd9661e1"
"md","step-01-init","bmad-book-builder","bmad-book-builder/workflows/foundation/steps-c/step-01-init.md","d348a8b9ef4e91b3fb0ecfc5e5dc038699c811a1c91f3ca15aae8c69072cdc27"
"md","step-01-init","bmad-book-builder","bmad-book-builder/workflows/review/steps-c/step-01-init.md","e71ebde5b24ee1879aa820ce7f282bac38aba3d7c2b9a0eaedeb5fea032521d9"
"md","step-01-init","bmad-book-builder","bmad-book-builder/workflows/rhythm-analysis/steps-c/step-01-init.md","b15c5f67b369394372f605f6ce7c800cd3b9490e76d07c8bc6d38fd8be40d711"
"md","step-01-load","bmad-book-builder","bmad-book-builder/workflows/chapter-write/steps-e/step-01-load.md","f30daf6b4bdad8eb0b8bbd7d553095e3ca345811b48a68d7febec03bb544c4f3"
"md","step-01-load","bmad-book-builder","bmad-book-builder/workflows/export-bible/steps-c/step-01-load.md","cb1e0fcff2bc276341d6bed9198e9775dc6ba5607f7199a8e3084add485eb41d"
"md","step-01-load","bmad-book-builder","bmad-book-builder/workflows/theme-tracker/steps-e/step-01-load.md","674e7b276f130182215bfde2439cec51c24cc1f64db40f03fe626787ca726db3"
"md","step-01-load-audit","bmad-book-builder","bmad-book-builder/workflows/character-audit/steps-e/step-01-load-audit.md","ead33531115d55726fa578f492fe9cf399b63303591d3ccee5c944356843ef78"
"md","step-01-load-context","bmad-book-builder","bmad-book-builder/workflows/audit-project/steps-c/step-01-load-context.md","108de7a21db9afda73cd1787b00413ae65f6fca04798d78e60f65dc228dc7487"
"md","step-01-load-context","bmad-book-builder","bmad-book-builder/workflows/bible-update/steps-c/step-01-load-context.md","af00433c7417926a61ff72fa9798acc93ec7c145c4626435abfa55263e5c458b"
"md","step-01-quick-check","bmad-book-builder","bmad-book-builder/workflows/character-audit/steps-v/step-01-quick-check.md","efd515c2acfdf740cb2fc15de4126c95e299fc2fe2a0dc4a6db646e04f87f156"
"md","step-01-scan","bmad-book-builder","bmad-book-builder/workflows/status-report/steps-c/step-01-scan.md","3d0dd005444021cd6e93c509227eb030a50a7f872f2417715705a21b759e5135"
"md","step-01-select-character","bmad-book-builder","bmad-book-builder/workflows/character-audit/steps-c/step-01-select-character.md","7eaaa8e56f2d46f8dba505783d7e0a6313c0ba27073b7eac6e5002bb1811abc1"
"md","step-01-select-scope","bmad-book-builder","bmad-book-builder/workflows/reality-check/steps-c/step-01-select-scope.md","a0e5929647ad265102122f5de9df782268716404340dfcdcef5459ad3f0b0f77"
"md","step-01-select-topic","bmad-book-builder","bmad-book-builder/workflows/research/steps-c/step-01-select-topic.md","afe5f1f54bbb0f34388c0f8edc7bb470d26484887a427a00b7bd41933a449512"
"md","step-01-validate","bmad-book-builder","bmad-book-builder/workflows/build-characters/steps-v/step-01-validate.md","6b304e4f3a6c8b14e9a86adcd505eecc679bd0804e6250ef3d9226c306ca3720"
"md","step-01-validate","bmad-book-builder","bmad-book-builder/workflows/chapter-write/steps-v/step-01-validate.md","4dc4dd68ab348934193589fa080c226a5745834d3365b2c733b6d3a760d46dee"
"md","step-01b-continue","bmad-book-builder","bmad-book-builder/workflows/build-characters/steps-c/step-01b-continue.md","c7cdaab14b1870a056b8f9ebc53d216b626362188842ecbf8bbed392c3a67430"
"md","step-01b-continue","bmad-book-builder","bmad-book-builder/workflows/chapter-write/steps-c/step-01b-continue.md","6283e55d2df8017a48aa1b9490f9d1725876390275458315641e68c52533d49d"
"md","step-01b-continue","bmad-book-builder","bmad-book-builder/workflows/foundation/steps-c/step-01b-continue.md","227adaa252a8d0a47fcb2bafe4bcad10b9d8c10427e1ec09f6e971aad76b7602"
"md","step-02-analyze","bmad-book-builder","bmad-book-builder/workflows/project-onboarding/steps-c/step-02-analyze.md","5615d38ab41f012ce97f81c72aa56c8a427ba78b0d0e96e9313967febc0f5c86"
"md","step-02-analyze","bmad-book-builder","bmad-book-builder/workflows/status-report/steps-c/step-02-analyze.md","79d7b62edfc955693058c83aca03d54a7c6c804d0ab3f9e9ad3afea532351fee"
"md","step-02-analyze-quant","bmad-book-builder","bmad-book-builder/workflows/style-capture/steps-c/step-02-analyze-quant.md","c04ef0871aa49511ef722c4d181c75e420b747ee50494afd9fbe2108327c60ca"
"md","step-02-brief","bmad-book-builder","bmad-book-builder/workflows/chapter-write/steps-c/step-02-brief.md","2f2d4357fcc94c7003839fc65bdfa648d41d35a521ef40e5cd69a0cb3d4a7c41"
"md","step-02-edit","bmad-book-builder","bmad-book-builder/workflows/build-characters/steps-e/step-02-edit.md","e4189a6e94fd2517a8f51e8ca5d0481b77af3d335d848cfff129518e5e00cf78"
"md","step-02-edit","bmad-book-builder","bmad-book-builder/workflows/chapter-write/steps-e/step-02-edit.md","7682740bc3c9892785c3b8b0955a6d0ef2de8319adb60811af1a40c7f0bbe965"
"md","step-02-extract-claims","bmad-book-builder","bmad-book-builder/workflows/reality-check/steps-c/step-02-extract-claims.md","9e55bba342bee18c3994af296e3b742da9b3167ec97dd684406d055c36f06a23"
"md","step-02-extract-validate","bmad-book-builder","bmad-book-builder/workflows/bible-update/steps-c/step-02-extract-validate.md","af6109cb253f18b04c57853c39bf52e9f1f28df271ca28c026739a6aa21cb88d"
"md","step-02-format","bmad-book-builder","bmad-book-builder/workflows/export-bible/steps-c/step-02-format.md","0c26fec2b816634e3ea0342a18be48b577582b7c29473d09124775bd193b063c"
"md","step-02-gather","bmad-book-builder","bmad-book-builder/workflows/foundation/steps-c/step-02-gather.md","235d97b4d138c18e03f7a2f9b14d2c4ac8681ed23c2b33c6324fe2858a1c43db"
"md","step-02-identify-queries","bmad-book-builder","bmad-book-builder/workflows/research/steps-c/step-02-identify-queries.md","08630378cb2f4cc2d9eb428a402d2b1c59b7de344d85c70c3c99c3330e2d663a"
"md","step-02-identify-themes","bmad-book-builder","bmad-book-builder/workflows/theme-tracker/steps-e/step-02-identify-themes.md","05475fec00123443a7e047bc1bbe505268053f47a88dd2876eb05df3d8bb7dbf"
"md","step-02-load","bmad-book-builder","bmad-book-builder/workflows/review/steps-c/step-02-load.md","6ce4470e0d6215d595d489eb9fb535b1ff4ddf37783f8eaa60844da569006e8f"
"md","step-02-load","bmad-book-builder","bmad-book-builder/workflows/rhythm-analysis/steps-c/step-02-load.md","d052f2298b53cb4c64df5cc6c4324cdd5241a93058c77cd9448a595fc88b10ef"
"md","step-02-narrative-arc","bmad-book-builder","bmad-book-builder/workflows/audit-project/steps-c/step-02-narrative-arc.md","b7bb3d22d627151e4f4ab68676ac7ddada8e79ec34f5a6c16bad14369a17f4d0"
"md","step-02-recommend","bmad-book-builder","bmad-book-builder/workflows/framework-select/steps-c/step-02-recommend.md","d9e838c0bf91f060e0c33c2343782cb8a529a337aa8a88ed3c24930b36ce0892"
"md","step-02-select-chapter","bmad-book-builder","bmad-book-builder/workflows/character-audit/steps-c/step-02-select-chapter.md","ed427e7e1ef35b9decc3f6c4444bc30dbd4ddb65392bea975be1c949bc473600"
"md","step-02a-concept","bmad-book-builder","bmad-book-builder/workflows/build-characters/steps-c/mode-a/step-02a-concept.md","79c160806640954955c5ae56268f780cf5d7c6af30d26cc37351be384104acaf"
"md","step-02b-input","bmad-book-builder","bmad-book-builder/workflows/build-characters/steps-c/mode-b/step-02b-input.md","dc2b4194e8305c669d5ca2c5c74ba120bb6a0c9a80bde2c37bf55988c0d00ada"
"md","step-02c","bmad-book-builder","bmad-book-builder/workflows/build-characters/steps-c/mode-c/step-02c.md","8864858b84e3afaa2b101347742865514dcb5ca4ff94ffc115bad6dd9675172b"
"md","step-03-analyze","bmad-book-builder","bmad-book-builder/workflows/review/steps-c/step-03-analyze.md","a21023c16c2ae9fd522bd7aa9b3d264d64837d0f324ca18bd7683c717c8d1c78"
"md","step-03-analyze","bmad-book-builder","bmad-book-builder/workflows/rhythm-analysis/steps-c/step-03-analyze.md","d25d726d02ca837ced1dc8736df26d5e90502edf790914096c4418438fe852be"
"md","step-03-analyze-qual","bmad-book-builder","bmad-book-builder/workflows/style-capture/steps-c/step-03-analyze-qual.md","f8597670a7ba063ee033afbde68af8d99a7902cf869f6b72373c1bef1d3c3241"
"md","step-03-approve-changes","bmad-book-builder","bmad-book-builder/workflows/bible-update/steps-c/step-03-approve-changes.md","cacd5293ffd3fa032af14ca7ecdb2d5b47b5aa2f72ff1cfb90420b62de32e755"
"md","step-03-audit-contradictions","bmad-book-builder","bmad-book-builder/workflows/character-audit/steps-c/step-03-audit-contradictions.md","74e7d33016685d691344c3f909d31ce931fe63ea886f6fffaf420ad8fe5bf982"
"md","step-03-check-references","bmad-book-builder","bmad-book-builder/workflows/reality-check/steps-c/step-03-check-references.md","5b81c7e94a92754d7a11974e1424e645c8d49c565b731746804794312a7d909d"
"md","step-03-coherence-check","bmad-book-builder","bmad-book-builder/workflows/audit-project/steps-c/step-03-coherence-check.md","5fd6a8f9b6e071572e84ff996fd56ca01e4067c4abdd6a87ce4801d6cf13a9e0"
"md","step-03-complete","bmad-book-builder","bmad-book-builder/workflows/build-characters/steps-e/step-03-complete.md","132fb5c4cad1b9a4cca0cf403e9a1f6e5f322530e94757a4feef2a42a54db53a"
"md","step-03-conduct-research","bmad-book-builder","bmad-book-builder/workflows/research/steps-c/step-03-conduct-research.md","7fef126546a283e8a3a973634f21e0fed88bc3861f51b24c40ed991f5e5023fa"
"md","step-03-crossref","bmad-book-builder","bmad-book-builder/workflows/export-bible/steps-c/step-03-crossref.md","42f3ce582469a99d6caab572c41bfe4da610f7477963e043599b74a4b45a62c1"
"md","step-03-draft","bmad-book-builder","bmad-book-builder/workflows/chapter-write/steps-c/step-03-draft.md","08d690aeb7eb6d20473d92d96e9d07aed3bbf7a4f6c8004cd2686b87179c2817"
"md","step-03-explain","bmad-book-builder","bmad-book-builder/workflows/framework-select/steps-c/step-03-explain.md","73053c6314079788a6e15dbb503e28b4075e9ed458f87eb178dbdd1b110a55cd"
"md","step-03-finalize","bmad-book-builder","bmad-book-builder/workflows/chapter-write/steps-e/step-03-finalize.md","b8c5a157224550afe8b4184c59b3e13b5961851f4616ea0848a055a85a2b1baa"
"md","step-03-framework","bmad-book-builder","bmad-book-builder/workflows/foundation/steps-c/step-03-framework.md","9022ff2b66772ad48fe7393f32f319b947a1d5fff22244594ea661b2f791d478"
"md","step-03-generate","bmad-book-builder","bmad-book-builder/workflows/status-report/steps-c/step-03-generate.md","d5c71aa8ddb5723ce87e1ee31e5da2a4adb8e0d21afe686270ad0532185439ef"
"md","step-03-map","bmad-book-builder","bmad-book-builder/workflows/project-onboarding/steps-c/step-03-map.md","b307ac19da25b479ca155a3f991e8683677ee1795f49d09d4a034c8f640d3a9a"
"md","step-03-map-emotions","bmad-book-builder","bmad-book-builder/workflows/theme-tracker/steps-e/step-03-map-emotions.md","034bebbc6700758d2bd31127655e90e3cd27c4923a2c66387f9bb58a312a8707"
"md","step-03a-physical","bmad-book-builder","bmad-book-builder/workflows/build-characters/steps-c/mode-a/step-03a-physical.md","b90ad8fa2608dd01ba8a531f75f9d0e550cfbdb857705fd0819284e503dc255a"
"md","step-03b-generate","bmad-book-builder","bmad-book-builder/workflows/build-characters/steps-c/mode-b/step-03b-generate.md","d847f2a276fd14c15cfa3c9fb92f3ea9ca08f63b11a80ff1dcaf73661447cd32"
"md","step-03c-complete","bmad-book-builder","bmad-book-builder/workflows/build-characters/steps-c/mode-c/step-03c-complete.md","0e8e09ea90b154aca949cf4ff39f92f03ee827e08d6be39f30ba03cb76f2118e"
"md","step-04-analyze-arc","bmad-book-builder","bmad-book-builder/workflows/theme-tracker/steps-e/step-04-analyze-arc.md","6a13e3aac641302f09dfdfa77ff45aa7f2544ce92c7de3ee7cdf112858edeca5"
"md","step-04-check-psychological-coherence","bmad-book-builder","bmad-book-builder/workflows/character-audit/steps-c/step-04-check-psychological-coherence.md","977380ea0266097bdf3c3410b160b5df84b9752ea9f1019fed6a8e6b12135ead"
"md","step-04-detect-antipatterns","bmad-book-builder","bmad-book-builder/workflows/style-capture/steps-c/step-04-detect-antipatterns.md","47666ddbb12930197db05a11dc9af89a9a3bbdfe08c828d09d38e9143ff41a1c"
"md","step-04-export","bmad-book-builder","bmad-book-builder/workflows/export-bible/steps-c/step-04-export.md","c798d118c0f5a415be11f091fbc00dcd725fc335d49f7d244835da77fbfc3ae9"
"md","step-04-generate","bmad-book-builder","bmad-book-builder/workflows/review/steps-c/step-04-generate.md","ec4be9166e75d6a6445c212d4b14b2c294857b244e7644422828a96ffe85b912"
"md","step-04-generate-plan","bmad-book-builder","bmad-book-builder/workflows/project-onboarding/steps-c/step-04-generate-plan.md","a8773493309361311b97ef72eef758ba6c9bb389bd6e9ecbf71034c7da671c5d"
"md","step-04-organize-findings","bmad-book-builder","bmad-book-builder/workflows/research/steps-c/step-04-organize-findings.md","c019055301c9c40886ab16631f35d5c2cbef63d0c5a5422e9c424fbf83a5626b"
"md","step-04-present","bmad-book-builder","bmad-book-builder/workflows/status-report/steps-c/step-04-present.md","3dfdf4c57e1b5e9dacf6cc76928778a5f943eea20f7787484c57bcff330f70e6"
"md","step-04-quality-check","bmad-book-builder","bmad-book-builder/workflows/audit-project/steps-c/step-04-quality-check.md","d529f9116b5766f689e0e193b79a6513d511c968d05ac650b6a1a14ceb102d28"
"md","step-04-questions","bmad-book-builder","bmad-book-builder/workflows/foundation/steps-c/step-04-questions.md","045759b97efce05b6e94421756e1175ed35e86958496e9ca24229bbd3e84ad02"
"md","step-04-report","bmad-book-builder","bmad-book-builder/workflows/rhythm-analysis/steps-c/step-04-report.md","574446861d9aafea6ae0969c22671aa0693b50c99f66833d9e727ea81ed31ab6"
"md","step-04-review","bmad-book-builder","bmad-book-builder/workflows/chapter-write/steps-c/step-04-review.md","af49d2c0ebf8d4e5728c32fdbadd73eb897d3e334161d29a86be914580c0bdce"
"md","step-04-select","bmad-book-builder","bmad-book-builder/workflows/framework-select/steps-c/step-04-select.md","eb34fad49d723961d432d8c73a10fc16105367d5204a9e1e828b1c2b65770382"
"md","step-04-update-bible","bmad-book-builder","bmad-book-builder/workflows/bible-update/steps-c/step-04-update-bible.md","45e8a33fbecb70317310abe9469f9ea821562caa9a7def8d689ec6c9e51764e1"
"md","step-04-web-verification","bmad-book-builder","bmad-book-builder/workflows/reality-check/steps-c/step-04-web-verification.md","bea202e641671082a4f92ba61be3b2921b49bad245d1b392fe23da21a7f6dafd"
"md","step-04a-background","bmad-book-builder","bmad-book-builder/workflows/build-characters/steps-c/mode-a/step-04a-background.md","a3bbfac1959814424192ec40724af064f608abfd788ab914fab2a66c601f6163"
"md","step-04b-review","bmad-book-builder","bmad-book-builder/workflows/build-characters/steps-c/mode-b/step-04b-review.md","5545a9b5e1e5201d8c1c5c3fc69da337b721f338119ac32e7e818c0a5cbdc4e3"
"md","step-05-build-dossier","bmad-book-builder","bmad-book-builder/workflows/research/steps-c/step-05-build-dossier.md","5cbb7441bc0e8f73f8152603a081e91568757e01c1aa4b318071a41fc98ed5fc"
"md","step-05-configure","bmad-book-builder","bmad-book-builder/workflows/framework-select/steps-c/step-05-configure.md","71a7a65e90960d7827a1be0972d42e2870dd0b328688901042b1669f5c2684f1"
"md","step-05-generate","bmad-book-builder","bmad-book-builder/workflows/foundation/steps-c/step-05-generate.md","6c266054585d8fd4b9c7090ee6e9d74f844e38140698a08ce74d52aa8f29e135"
"md","step-05-generate","bmad-book-builder","bmad-book-builder/workflows/style-capture/steps-c/step-05-generate.md","2eef3f6c6584a205784c5501eb3b17ac32281de451d25c8d8932a5b7c41f8786"
"md","step-05-identify-issues","bmad-book-builder","bmad-book-builder/workflows/reality-check/steps-c/step-05-identify-issues.md","783d5dbe8e894c28cc531d0c0d978f7be0450e8d831a2616a9d05c235a29b7a1"
"md","step-05-present","bmad-book-builder","bmad-book-builder/workflows/review/steps-c/step-05-present.md","b65b76e718a4c1870050f5b6f23972e1e02f3607c2954198ecdb1112847eaae5"
"md","step-05-review","bmad-book-builder","bmad-book-builder/workflows/project-onboarding/steps-c/step-05-review.md","47cd4e6d9dbed75562f6e1871b367502a3317eb919dac7f3e921a5d636baa091"
"md","step-05-synthesize-reports","bmad-book-builder","bmad-book-builder/workflows/audit-project/steps-c/step-05-synthesize-reports.md","ef66833fe571887f3289d6e9431e7990c11cde90adfaad9a7db48d28dd0e77d4"
"md","step-05-update-progression","bmad-book-builder","bmad-book-builder/workflows/theme-tracker/steps-e/step-05-update-progression.md","daadcde9bb9497b1df31dee5b7814974737ae5c9a53ebc1a93eaa5d935daf531"
"md","step-05-user-review","bmad-book-builder","bmad-book-builder/workflows/chapter-write/steps-c/step-05-user-review.md","ef5e0e66fbdbc0ff71c9f8778d5a6f868479a01d0813b4a3e47a0becbdbb92e3"
"md","step-05-verify-arc-progression","bmad-book-builder","bmad-book-builder/workflows/character-audit/steps-c/step-05-verify-arc-progression.md","21b41f8a8ba7e8aee79194c1274fb73eec4d0700057e82ba7e83010800c2795e"
"md","step-05a-psychology","bmad-book-builder","bmad-book-builder/workflows/build-characters/steps-c/mode-a/step-05a-psychology.md","9e0357c0d41e7ff538073331b85ddd7ebad3a89eb9726fd14d088393d08972d9"
"md","step-05b-complete","bmad-book-builder","bmad-book-builder/workflows/build-characters/steps-c/mode-b/step-05b-complete.md","d88f64f841cbdfde01a4156c92d2670ea119333f04e6433da2b1986c0a2a5254"
"md","step-06-execute","bmad-book-builder","bmad-book-builder/workflows/project-onboarding/steps-c/step-06-execute.md","233cfe598c33a24e407b61474f7efaa7575c6107b59cacf717a3f96f794df000"
"md","step-06-finalize-dossier","bmad-book-builder","bmad-book-builder/workflows/research/steps-c/step-06-finalize-dossier.md","0add08c19a44ead67a05f5cba889fff01229580635cb7dc5ccb20f6a948d4a3b"
"md","step-06-generate-report","bmad-book-builder","bmad-book-builder/workflows/audit-project/steps-c/step-06-generate-report.md","394b1888e2ae4403ff321341e95ae5e400541bcd29a895154cf5837f2d8c8fcd"
"md","step-06-generate-report","bmad-book-builder","bmad-book-builder/workflows/character-audit/steps-c/step-06-generate-report.md","8d34081514674e174c1a25b0dd1afa732f368dc43617e94a890cfcdf124310e2"
"md","step-06-provide-corrections","bmad-book-builder","bmad-book-builder/workflows/reality-check/steps-c/step-06-provide-corrections.md","49a27727af5202b7a03b7f91b805f9dfd4e5e28291154a52c9adec9a238f31c1"
"md","step-06-review","bmad-book-builder","bmad-book-builder/workflows/foundation/steps-c/step-06-review.md","6fe947bfb3b46677a7ebdc5f0b8dd1b61aac0e0e1be09dbdc923fa8f57ce3b2e"
"md","step-06-review","bmad-book-builder","bmad-book-builder/workflows/style-capture/steps-c/step-06-review.md","90a3375723d926c73c485f784c1cc2f9ebf47898cfd9553c55b4c539eff348fa"
"md","step-06-revise","bmad-book-builder","bmad-book-builder/workflows/chapter-write/steps-c/step-06-revise.md","4b8320b2e19acfcfd39e290c58dae35841130c21dbc0e65d9e52900148eb53ce"
"md","step-06-verify-consistency","bmad-book-builder","bmad-book-builder/workflows/theme-tracker/steps-e/step-06-verify-consistency.md","c5aa3f6ea1d00ea9f7178deaa3664625fb41a50d49c1f4ea1964c0b5f4930ed9"
"md","step-06a-voice","bmad-book-builder","bmad-book-builder/workflows/build-characters/steps-c/mode-a/step-06a-voice.md","adb79f9573fd35debb4c11f690204f5bc70a7ec9a86ec4a4e04f35d7913b20fa"
"md","step-07-detect-gaps","bmad-book-builder","bmad-book-builder/workflows/project-onboarding/steps-c/step-07-detect-gaps.md","2677e20497bd9d5769333d203bbefc9fa59d0b9c44aeea62971e458c9b6b67c0"
"md","step-07-finalize","bmad-book-builder","bmad-book-builder/workflows/chapter-write/steps-c/step-07-finalize.md","0cdd8d6fe6c8eccfc6991b133163924e5551cf6362f7143f0c50bac0d512b872"
"md","step-07-finalize","bmad-book-builder","bmad-book-builder/workflows/foundation/steps-c/step-07-finalize.md","318dd8ea7aad16954cbeb3a225eea9e974031bbdc30c6cd525d3c48a484f4c8f"
"md","step-07-present-findings","bmad-book-builder","bmad-book-builder/workflows/audit-project/steps-c/step-07-present-findings.md","d6252fa82ce99cd1158d27942072fcac35d7d7a6792d1cc14dc747dcd253f11a"
"md","step-07a-relationships","bmad-book-builder","bmad-book-builder/workflows/build-characters/steps-c/mode-a/step-07a-relationships.md","df0b89bd11a031a93187b8dec78577e7e9d4b01f3b98f89147a1b34853a4edbf"
"md","step-08-complete-foundation","bmad-book-builder","bmad-book-builder/workflows/project-onboarding/steps-c/step-08-complete-foundation.md","a7fc350712268a595a005205409cb5d7e787bac311d1c41574dc6c8a5c093c24"
"md","step-08a-arc","bmad-book-builder","bmad-book-builder/workflows/build-characters/steps-c/mode-a/step-08a-arc.md","b6ce05f2e4cb7a111c7ca1dd4d6e416520e841c60dacdabd34e8562ce433f8c1"
"md","step-09a-polish","bmad-book-builder","bmad-book-builder/workflows/build-characters/steps-c/mode-a/step-09a-polish.md","9b110c767bbb971569393cda59cf600cd24b236f58423dd5f1aafb5ba99de496"
"md","step-10a-complete","bmad-book-builder","bmad-book-builder/workflows/build-characters/steps-c/mode-a/step-10a-complete.md","b45d7c33e2d9827b70cf48af38dc8e096a3664a569fb14fcece3165978133f2b"
"md","step-c-01-init","bmad-book-builder","bmad-book-builder/workflows/living-bible/steps-c/step-c-01-init.md","7deac8d2e4714a2cb4500ca037d833dac73ac47509d3ed678e85c5f92d39ad5b"
"md","step-c-01b-continue","bmad-book-builder","bmad-book-builder/workflows/living-bible/steps-c/step-c-01b-continue.md","b9597bd92008db72ea060147c770de6c9cf62924bbfc191c72fc242fa4dff8c4"
"md","step-c-02-setup","bmad-book-builder","bmad-book-builder/workflows/living-bible/steps-c/step-c-02-setup.md","4d780e05756377687918b800d593370ea976155ae54533f6b8b206989591d93f"
"md","step-e-01-assess","bmad-book-builder","bmad-book-builder/workflows/foundation/steps-e/step-e-01-assess.md","5a807c2e2515eca8b1c475a787a1490aa863387195ba4a33a217693f8b6207c4"
"md","step-e-01-trigger","bmad-book-builder","bmad-book-builder/workflows/living-bible/steps-e/step-e-01-trigger.md","5e98a0d0f74c85b034b699e1aefac5e36e10a0e73de7bf23c3e6583c8dfc160f"
"md","step-e-01-trigger","bmad-book-builder","bmad-book-builder/workflows/living-bible-draft-backup/steps-e/step-e-01-trigger.md","012fffc88efad1ab7c37e1aa52476a15268b4fea709615689be8ae6e762c4b0a"
"md","step-e-01b-continue","bmad-book-builder","bmad-book-builder/workflows/living-bible/steps-e/step-e-01b-continue.md","a5f1c9784a0069768ce8da3cd4ce06a7d487e71792726b444c860ec40d655bdc"
"md","step-e-02-chronology","bmad-book-builder","bmad-book-builder/workflows/living-bible/steps-e/step-e-02-chronology.md","ccddd546032fca47ef5edf44aaf72363bf5edf2e6f5037c646b12fd7bd5e06ed"
"md","step-e-02-chronology","bmad-book-builder","bmad-book-builder/workflows/living-bible-draft-backup/steps-e/step-e-02-chronology.md","15b830941af5a50869ab5f18c8c85a1a17787925544cbe6e3036589d5240d045"
"md","step-e-02-edit","bmad-book-builder","bmad-book-builder/workflows/foundation/steps-e/step-e-02-edit.md","c86bb88df1a5c20a64c273fc66cadc33d5509064aff2e6a02768bfcdde80174f"
"md","step-e-03-complete","bmad-book-builder","bmad-book-builder/workflows/foundation/steps-e/step-e-03-complete.md","bc5c08aaf639c76cfa6d33e8820b73fceb9ac75df54128891abfb273013ffce4"
"md","step-e-03-locations","bmad-book-builder","bmad-book-builder/workflows/living-bible/steps-e/step-e-03-locations.md","80c0a575779ac75bf0d04af4fb17a0327f68b55c5fb600499112611c16ce2b42"
"md","step-e-03-locations","bmad-book-builder","bmad-book-builder/workflows/living-bible-draft-backup/steps-e/step-e-03-locations.md","c4335016e1b674292f03af2f2453d5b524dfa7494cfd4e4d184c5abfe1aaae75"
"md","step-e-04-objects","bmad-book-builder","bmad-book-builder/workflows/living-bible/steps-e/step-e-04-objects.md","7795bcab813c0c3f9f4aab8e13f1976fa486f135acfe04d710ac73f2a61297d6"
"md","step-e-04-objects","bmad-book-builder","bmad-book-builder/workflows/living-bible-draft-backup/steps-e/step-e-04-objects.md","6a24710a0f8a77ba627c78893447372ae9513456f557d525cf1af9dfd8710785"
"md","step-e-05-characters","bmad-book-builder","bmad-book-builder/workflows/living-bible/steps-e/step-e-05-characters.md","a274a034e126c949d679f69e912368e76e2be4739893afa2cfb19c871ebc2e01"
"md","step-e-05-characters","bmad-book-builder","bmad-book-builder/workflows/living-bible-draft-backup/steps-e/step-e-05-characters.md","0dfdbc5b861788c509fca54854ba6b655a0ad9587f53b8cae7f8e36dab81c8ea"
"md","step-e-06-themes","bmad-book-builder","bmad-book-builder/workflows/living-bible/steps-e/step-e-06-themes.md","31a92807b7fd3a6f7ad346cedbe8ac663342425cfba744a6b10bafb7d816d0dc"
"md","step-e-06-themes","bmad-book-builder","bmad-book-builder/workflows/living-bible-draft-backup/steps-e/step-e-06-themes.md","f3c3ffdb65139f7c180c2e34ec65fc0cc8628ec0ae3bf489a35fcfc86afbdc24"
"md","step-v-01-load","bmad-book-builder","bmad-book-builder/workflows/living-bible/steps-v/step-v-01-load.md","dba5ebea7af4877c7feb0aa978178cdb2bff48ee8d4737598f3e7c4c3859a29f"
"md","step-v-01-validate","bmad-book-builder","bmad-book-builder/workflows/foundation/steps-v/step-v-01-validate.md","b1a86ec362f337e6519187d2f35be8ae9b44c1600c2b87245d3915710bb14089"
"md","step-v-02-integrity","bmad-book-builder","bmad-book-builder/workflows/living-bible/steps-v/step-v-02-integrity.md","8b944aed5a2045917f7107c46e45f4d1071bd5a2d48b85825507140bd45f61c5"
"md","story-applications-framework","bmad-book-builder","bmad-book-builder/workflows/research/data/references/story-applications-framework.md","0ed300ee5c263582254f0796cb813db3de49d9690b77f6967b3780956617a48c"
"md","structure-generation-guide","bmad-book-builder","bmad-book-builder/workflows/foundation/data/templates/structure-generation-guide.md","181ac17cbcabb8067f3424b3830e0e1d39ee235c223371eed25ec2bf5736d30e"
"md","structure-output-template","bmad-book-builder","bmad-book-builder/workflows/foundation/data/templates/structure-output-template.md","8c457faf12f51984089839274b6428b1773cd093451d4ef372e0063b4de2ed4b"
"md","style-capture.spec","bmad-book-builder","bmad-book-builder/workflows/style-capture/style-capture.spec.md","1258a80c7f0dc0f374b51a5f7c88da496e8131fc35520cc2889e563dcc489bc4"
"md","style-metrics-formulas","bmad-book-builder","bmad-book-builder/workflows/style-capture/data/references/style-metrics-formulas.md","72c36d82d1bf2da4e0f63abeb90e6d90ba7e860fddb7974e279028f4b635b5db"
"md","technical-claims","bmad-book-builder","bmad-book-builder/workflows/reality-check/data/extraction-procedures/technical-claims.md","343bb9fbd9cc50983e517dc6337a61e28365d35876531de72eba618d0425858d"
"md","template-dossier","bmad-book-builder","bmad-book-builder/workflows/research/data/template-dossier.md","c029f0d6e9fc5a866c505d787f58f63bf34079d994b3f5cd45da901a0db2c6be"
"md","tension-mapping-procedures","bmad-book-builder","bmad-book-builder/workflows/rhythm-analysis/data/references/tension-mapping-procedures.md","01c272defe9259a5c20c3b7d06b5adc2c573779b2b44756ebf548981a9b1b25b"
"md","thematic-phases","bmad-book-builder","bmad-book-builder/workflows/living-bible-draft-backup/data/references/thematic-phases.md","8815051dea077462b31052616fa15814c96e4bc4d971e759d17bc113221f68e1"
"md","thematic-progression-protocols","bmad-book-builder","bmad-book-builder/workflows/theme-tracker/data/references/thematic-progression-protocols.md","914904cf251df140b0d2dea62a9bd84973cd8fa3a84196a917247c18b9d59613"
"md","theme-detection-methods","bmad-book-builder","bmad-book-builder/workflows/theme-tracker/data/references/theme-detection-methods.md","367270bbb025b84e8b258f2ca358ca65c7d42c1178dbda10240fe95e8f247b8f"
"md","theme-format","bmad-book-builder","bmad-book-builder/workflows/living-bible-draft-backup/data/references/theme-format.md","727e6b8cf40c3f86082ad0b654f0256704074dfac1f7fe41ab7a65c4c4834f03"
"md","theme-format-guide","bmad-book-builder","bmad-book-builder/workflows/living-bible/data/references/theme-format-guide.md","9f56cce3e197b548d8d401631fe827119b1457d3253cb3277fca2034da3329cd"
"md","theme-phases","bmad-book-builder","bmad-book-builder/workflows/living-bible/data/references/theme-phases.md","0d4068cb173562b1039d5248c2221a3b666b7ea4dfffa432100b223358ef7edb"
"md","theme-template","bmad-book-builder","bmad-book-builder/workflows/theme-tracker/data/theme-template.md","fc4ef279b23eb6a747c23d9b705ddbeedcf7b3df31742b3e474db4dc76392b2c"
"md","theme-tracker.spec","bmad-book-builder","bmad-book-builder/workflows/theme-tracker/theme-tracker.spec.md","2905fce19e3aea410b25a28835e56904b4a998df7659b971e48df4c503995fa0"
"md","theme-update-procedures","bmad-book-builder","bmad-book-builder/workflows/living-bible/data/references/theme-update-procedures.md","ef1941571480e75f22ab7145237fbfa418ade34064dfc105a09a6d990a6f7597"
"md","themes-template","bmad-book-builder","bmad-book-builder/workflows/living-bible/data/themes-template.md","82893d6816059567b298001e33c8cfca440c5cfb42c81fb11f43cd937c132e06"
"md","themes-template","bmad-book-builder","bmad-book-builder/workflows/living-bible-draft-backup/data/themes-template.md","82893d6816059567b298001e33c8cfca440c5cfb42c81fb11f43cd937c132e06"
"md","timeline-analysis","bmad-book-builder","bmad-book-builder/workflows/review/data/analysis-procedures/timeline-analysis.md","7b8504ce1e16ba354458c8aec716890021695dfbb1238cdd536ed181081c2151"
"md","timeline-template","bmad-book-builder","bmad-book-builder/workflows/living-bible/data/timeline-template.md","45b9e7be1749c7cd6e45e5d3daf9cf3d97d055c416209b41031993997d23c955"
"md","timeline-template","bmad-book-builder","bmad-book-builder/workflows/living-bible-draft-backup/data/timeline-template.md","45b9e7be1749c7cd6e45e5d3daf9cf3d97d055c416209b41031993997d23c955"
"md","TODO","bmad-book-builder","bmad-book-builder/TODO.md","9b7222a4e15ecab057a3273b75a8ea18ece383cab5eff2b53b7d26d68a927605"
"md","tracking-workflow-procedures","bmad-book-builder","bmad-book-builder/workflows/theme-tracker/data/procedures/tracking-workflow-procedures.md","ca599c56c3363526936b0455d1a64cdb70c22ceec6a0ce01d26df3466193e31a"
"md","transition-analysis-guide","bmad-book-builder","bmad-book-builder/workflows/rhythm-analysis/data/references/transition-analysis-guide.md","a74218abf4cfaf8cd27c29bf6889bce40b2e51d0bccb41dafbdfa9ba42ed9dd5"
"md","v01-select-dossier","bmad-book-builder","bmad-book-builder/workflows/research/steps-v/v01-select-dossier.md","0d856c5158d1789e8f2b1daaa77ca0d962e8e19563c5785514f746f218676cc5"
"md","v02-verify-facts","bmad-book-builder","bmad-book-builder/workflows/research/steps-v/v02-verify-facts.md","0639ddcbda427b0ea87cd0daeac18afc47d9e4243f85ab636ad0890daddc8748"
"md","v03-check-sources","bmad-book-builder","bmad-book-builder/workflows/research/steps-v/v03-check-sources.md","0f5258e0fb1694bec08399d5cfd2c8319505b011ecdabce85c28649f157e03a8"
"md","v04-generate-report","bmad-book-builder","bmad-book-builder/workflows/research/steps-v/v04-generate-report.md","b53dfb4a8b303d74a31eb476dd4ce3fc7806d59fe313ada94f5e5bbb33b9a1ed"
"md","validation-procedures","bmad-book-builder","bmad-book-builder/workflows/build-characters/data/references/validation-procedures.md","4687b97f63df90f9c685007c1fc6576ecbeaf401dbef591aadc51c1874767ad7"
"md","validation-protocols","bmad-book-builder","bmad-book-builder/workflows/living-bible/data/references/validation-protocols.md","7553577c54725427b634d3e71c0e657a6bacb47566ef2a7159b6fa7035315204"
"md","vareille-method","bmad-book-builder","bmad-book-builder/workflows/foundation/data/vareille-method.md","06dade5eb8ca2047a2017eff4932c645cb088dafa5c6441625e916d2fae08a66"
"md","web-verification-output","bmad-book-builder","bmad-book-builder/workflows/reality-check/data/references/web-verification-output.md","614f1dddf1f09d7dbb113d39ab28f1fae7b7661daceb20dcb65530bc538949d8"
"md","web-verification-steps","bmad-book-builder","bmad-book-builder/workflows/reality-check/data/verification/web-verification-steps.md","ada924ad7b26945a16dc6206a971e11403bdbf4716a51d9afc1d0c6e9624667b"
"md","web-verification-templates","bmad-book-builder","bmad-book-builder/workflows/reality-check/data/references/web-verification-templates.md","b9c1b3df8d683e23906b7d8ead5e95cdb4f5018ae5d92a30b69c292b3bdc0b44"
"md","workflow","bmad-book-builder","bmad-book-builder/workflows/audit-project/workflow.md","7ce30c2807aa94f2633eb803284aefb9ecd6c662732c253ec95c74f2f5a61b35"
"md","workflow","bmad-book-builder","bmad-book-builder/workflows/bible-update/workflow.md","0927b71bb34f5a87e54ea4df8e8a8f8f47caf6558327b85232ee40249cbb85b9"
"md","workflow","bmad-book-builder","bmad-book-builder/workflows/build-characters/workflow.md","6ab60725fd8a4bfab7bafaa69e4d6a9fb82dd6ce4ce17857d574445782d8785e"
"md","workflow","bmad-book-builder","bmad-book-builder/workflows/chapter-write/workflow.md","a25d80f476c1e4357015a255d4ce5563346bebfa797d62e0333dc77af91e67db"
"md","workflow","bmad-book-builder","bmad-book-builder/workflows/character-audit/workflow.md","77b3956e13dee2ad4807a183a080612b1caedb0cc693cd49d8c0f72846020cd7"
"md","workflow","bmad-book-builder","bmad-book-builder/workflows/export-bible/workflow.md","f987a8ea71f22947f3c20c5e7687317e8261ff5730bfc1136bc173209494d1e5"
"md","workflow","bmad-book-builder","bmad-book-builder/workflows/foundation/workflow.md","1118a7957418779fd0c117d23633b082cfed09a210c2298e155e2840cff0f7d6"
"md","workflow","bmad-book-builder","bmad-book-builder/workflows/framework-select/workflow.md","5c5ea8a2317fedcb162dd0edbbb2929681ea9c05b301e3950ee441b6bc80dcfb"
"md","workflow","bmad-book-builder","bmad-book-builder/workflows/living-bible/workflow.md","be9bdf53af2790a0e4d51114680e228a054b6e38934128146df1ff3fb4b85af0"
"md","workflow","bmad-book-builder","bmad-book-builder/workflows/living-bible-draft-backup/workflow.md","f308b07a5b0eb44b49639dfb20a742ada5138a9ff9b7793b2388a78e43bb9f1c"
"md","workflow","bmad-book-builder","bmad-book-builder/workflows/project-onboarding/workflow.md","c1b65ba01bdebe22181ab2a532d4a57ebc7a5c0ddef2b610577bf64db071a076"
"md","workflow","bmad-book-builder","bmad-book-builder/workflows/reality-check/workflow.md","83ce868d0514f729cd42308610ad61cb285d7426e8ff04f12da77246b831550e"
"md","workflow","bmad-book-builder","bmad-book-builder/workflows/research/workflow.md","38cf8764c22a1de862652e2fe1cf9ebfa9bea229637fd27023663ed1ec926682"
"md","workflow","bmad-book-builder","bmad-book-builder/workflows/review/workflow.md","abcc315b642c4e76681d5e8e52472e4c80bace312244e44b654c0ce88c5cdffa"
"md","workflow","bmad-book-builder","bmad-book-builder/workflows/rhythm-analysis/workflow.md","e5d58ab953a1172d00e5e12917e6404f857058b72ce6371275fdadd42e28582e"
"md","workflow","bmad-book-builder","bmad-book-builder/workflows/status-report/workflow.md","31d7393958d498ba60cde91d4b7dad41d20108d07b1f1168b89e40ef3912a29f"
"md","workflow","bmad-book-builder","bmad-book-builder/workflows/style-capture/workflow.md","b55e805884b831e2e2e264443cec2600a89aedfc8a93d61ade2348806bf54860"
"md","workflow","bmad-book-builder","bmad-book-builder/workflows/theme-tracker/workflow.md","8cf0074d2c54a9f0c1a132f726f7fe6f2e46c35ff972e2687a6bd7378ac972c4"
"md","workflows","bmad-book-builder","bmad-book-builder/docs/workflows.md","f83c54f12aa4621be56d282d6fcf9d5df818a23944d5bfcff42b85aa9f511974"
"yaml","act-breakpoints-template","bmad-book-builder","bmad-book-builder/workflows/framework-select/data/templates/act-breakpoints-template.yaml","0ff65ab198bb860ff8d7fc9b115cd8a53c539f65649fe5b3862e48155ae5bfee"
"yaml","character-templates","bmad-book-builder","bmad-book-builder/workflows/build-characters/data/templates/character-templates.yaml","ddeedb8f1f4f10a95968d12f57f81d4903df6b06108ef41bcc71a5f6020c16bf"
"yaml","config","bmad-book-builder","bmad-book-builder/config.yaml","d4cce949506da56af5be7f9deb2832d8fb109187efee3f4634607b72e49cfdc8"
"yaml","custom-framework-template","bmad-book-builder","bmad-book-builder/workflows/framework-select/data/templates/custom-framework-template.yaml","316c481a3ce7673ed0ff0058f36c3d4412bfbc86946ae999af3317fd6b64edf0"
"yaml","framework-configuration-template","bmad-book-builder","bmad-book-builder/workflows/framework-select/data/templates/framework-configuration-template.yaml","8bb62d28d7fda4fd256b1f15752be66df465a61f1f706265a025c05fe4d54e7b"
"yaml","framework-selection-template","bmad-book-builder","bmad-book-builder/workflows/framework-select/data/framework-selection-template.yaml","110078bade2b1f159c63e0a573872d00928b0762bcc8bd664e762c94293ed059"
"yaml","heros-journey","bmad-book-builder","bmad-book-builder/workflows/framework-select/data/heros-journey.yaml","c9af287cc892fea046ce6170650aac07e03c90fafac251520206d1d0ba75e0e4"
"yaml","heros-journey-structure-template","bmad-book-builder","bmad-book-builder/workflows/framework-select/data/templates/heros-journey-structure-template.yaml","fa8c4fb40f200da1ae26a0ce2da156b7dd1480613f0b58700ca2f86c2b43aea9"
"yaml","meta-template","bmad-book-builder","bmad-book-builder/workflows/chapter-write/data/meta-template.yaml","71acdd132bf37ed14c47f068d5a2cf8315e8c87b5acf54f7c3ecaa63d54d7b8b"
"yaml","metadata-template","bmad-book-builder","bmad-book-builder/workflows/chapter-write/data/metadata-template.yaml","c08c3d12a34e322857c24bd10c3e8abf46a283d1defaf69e6c0daac156a06147"
"yaml","profile-template","bmad-book-builder","bmad-book-builder/workflows/style-capture/data/profile-template.yaml","8809afa52cd6a126e19651451003349757ee8ac3730c3bf94b36e9b5cd6e4469"
"yaml","reality-check-templates","bmad-book-builder","bmad-book-builder/workflows/reality-check/data/templates/reality-check-templates.yaml","52f01c808b3877e6c9cf8ef374a474deaa2df3cf7444076c7e485652e7e07004"
"yaml","review-templates","bmad-book-builder","bmad-book-builder/workflows/review/data/templates/review-templates.yaml","019f3059150343b0475bcefad8b423c317a8dc8c2fb6ff9e1ff55be04bbc7641"
"yaml","save-the-cat","bmad-book-builder","bmad-book-builder/workflows/framework-select/data/save-the-cat.yaml","4f391a6af4fe6c14a69a4079fbc9f8d8608bb941befd1328049e35b661100c81"
"yaml","save-the-cat-structure-template","bmad-book-builder","bmad-book-builder/workflows/framework-select/data/templates/save-the-cat-structure-template.yaml","3ea6e162747d5a48b2c979993482a09e78682ec45e5cb4ad0b2b55e6d477c5c6"
"yaml","snowflake","bmad-book-builder","bmad-book-builder/workflows/framework-select/data/snowflake.yaml","1c85300161dcd5567029b9f0a8df8d1d913136877597c36aa1083adb61aa16bc"
"yaml","snowflake-structure-template","bmad-book-builder","bmad-book-builder/workflows/framework-select/data/templates/snowflake-structure-template.yaml","ad635622249843a98fe49e62e43f9635dbadb8aadd87a48fc4290412de078ba4"
"yaml","style-profile-templates","bmad-book-builder","bmad-book-builder/workflows/style-capture/data/templates/style-profile-templates.yaml","78aa30fea362f5ef8ecdaa3dce39b30a229ce2d56b810f4ace7f037c812a2841"
"csv","default-party","cis","cis/teams/default-party.csv","e27e5a0480f41760da2fde5aeeccd425dae9c4a654105aab329ee1562cc83392"
"csv","design-methods","cis","cis/workflows/design-thinking/design-methods.csv","97a1fa87aaa355ce855c2c4e3bbfde59cb4ed2166cf9896496af786f10c13459"
"csv","innovation-frameworks","cis","cis/workflows/innovation-strategy/innovation-frameworks.csv","bd1d191062302353d2562a54751f8f263ce47e143202e2c0fe41315c2be9eb95"
"csv","module-help","cis","cis/module-help.csv","b55259cda5cc5d3facb33d673c783bd188500410ed1042bd792951760998cc63"
"csv","solving-methods","cis","cis/workflows/problem-solving/solving-methods.csv","f3a380b12b21ec2410d1ac44bc8ca1970b0a04a21bfe3dd0370ac7ed1ec0d2c0"
"csv","story-types","cis","cis/workflows/storytelling/story-types.csv","8cf3d49d3ce771f30b6d9c0c936d35f92b8af23e0962c876df832c02d605f1ce"
"md","instructions","cis","cis/workflows/design-thinking/instructions.md","b0a3e02f516bebe0144584ca78bb265cadc1bf2d693da945056117aaf58db5d2"
"md","instructions","cis","cis/workflows/innovation-strategy/instructions.md","bbcf33febc8d0c955a0e6b33ae36dbcbb20f98133183f870c7aae44678248859"
"md","instructions","cis","cis/workflows/problem-solving/instructions.md","5c215099daea5a941aacc32bb5e554f03ce6a08ca5d6ad134ad1de82cb9df59e"
"md","instructions","cis","cis/workflows/storytelling/instructions.md","1856d7f9ea7ec859c188630a6fafbccaaa05e9c8ea5463668842cc74a00d5c7e"
"md","README","cis","cis/workflows/design-thinking/README.md","c6eab6e3fe96a97731cc2b7d8d6ea20f5a9664d19f03fc5b2b34e1ac8952142e"
"md","README","cis","cis/workflows/innovation-strategy/README.md","88ab818502bf35c3e99eb8e277aa10244834b013913ecebd1de1449e54944650"
"md","README","cis","cis/workflows/problem-solving/README.md","1eb1bb254b197817249d53af6241cc8af5d9b324e6420eecb53c646ac1ffff8f"
"md","README","cis","cis/workflows/README.md","0488dc66b7b67b400289634b1a2f6acd10f87614fa3473b417ecb9f4c7e152a7"
"md","README","cis","cis/workflows/storytelling/README.md","c82b12133c5057c546c96432d574aa035ab1446178f9c64d247cdda9e1e2bfe4"
"md","template","cis","cis/workflows/design-thinking/template.md","7bcf6d0cd09de3c0d91f3f49ee280177365dabb64ed814b97e83e73082643c37"
"md","template","cis","cis/workflows/innovation-strategy/template.md","ab574d69fa13e21c806101a9089563b541013f6df44255d800ea24d4cb6d7136"
"md","template","cis","cis/workflows/problem-solving/template.md","c46fbdf42a1d9ad732f562e4add05020198ffc7ba18d134718e1cd960752c390"
"md","template","cis","cis/workflows/storytelling/template.md","290615dbd530dc13843a87ebedd107b390bcfd57cf68df67cd250dea8f49b2dd"
"yaml","config","cis","cis/config.yaml","6651a2e56ab33ef76cbbf05e8c749fd8ad8ff63ecbfd18d730fc1c08200deec4"
"yaml","creative-squad","cis","cis/teams/creative-squad.yaml","5e1033c95a9679e2f8688be4409104aa0b98c6503abb0512447b6d7541dd4f61"
"yaml","workflow","cis","cis/workflows/design-thinking/workflow.yaml","10d06df36d9c210430d6415c758c3b125288da0604d05e9b907ada2cf1170233"
"yaml","workflow","cis","cis/workflows/innovation-strategy/workflow.yaml","79ff4aa210bc706974b78f037d22e9743c2cbe1a9a4d0837e9e6bcab6fc94563"
"yaml","workflow","cis","cis/workflows/problem-solving/workflow.yaml","6dc8ad738218c9f4e4490ab8e57017d1618ab0a2140a3f246f04fe22b31755a4"
"yaml","workflow","cis","cis/workflows/storytelling/workflow.yaml","d78ef4eecb82a24142eb8ebef031830c1029b1e646f09eb7a414c70f2e267fea"
"csv","brain-methods","core","core/workflows/brainstorming/brain-methods.csv","0ab5878b1dbc9e3fa98cb72abfc3920a586b9e2b42609211bb0516eefd542039"
"csv","methods","core","core/workflows/advanced-elicitation/methods.csv","e08b2e22fec700274982e37be608d6c3d1d4d0c04fa0bae05aa9dba2454e6141"
"csv","module-help","core","core/module-help.csv","4227d475748e8067aeae3e1a67d7b6235c109da13b2ef9131db930083dcb348d"
"md","help","core","core/tasks/help.md","0d74caf8ccc6ff82f55df1b99fda67b4ab4860f7818c5cc6d9f7dfa185f322b1"
"md","step-01-agent-loading","core","core/workflows/party-mode/steps/step-01-agent-loading.md","04ab6b6247564f7edcd5c503f5ca7d27ae688b09bbe2e24345550963a016e9f9"
"md","step-01-session-setup","core","core/workflows/brainstorming/steps/step-01-session-setup.md","bc09cc22a0465b316ff3c13903b753768fa31d83abd3f9fc328631db63dc0cf8"
"md","step-01b-continue","core","core/workflows/brainstorming/steps/step-01b-continue.md","d76a406e0ff0a0e58006ec671b56f19a059e98cfebba4c0724ae6ccdd9303e7f"
"md","step-02-discussion-orchestration","core","core/workflows/party-mode/steps/step-02-discussion-orchestration.md","a8a79890bd03237e20f1293045ecf06f9a62bc590f5c2d4f88e250cee40abb0b"
"md","step-02a-user-selected","core","core/workflows/brainstorming/steps/step-02a-user-selected.md","558b162466745b92687a5d6e218f243a98436dd177b2d5544846c5ff4497cc94"
"md","step-02b-ai-recommended","core","core/workflows/brainstorming/steps/step-02b-ai-recommended.md","99aa935279889f278dcb2a61ba191600a18e9db356dd8ce62f0048d3c37c9531"
"md","step-02c-random-selection","core","core/workflows/brainstorming/steps/step-02c-random-selection.md","f188c260c321c7f026051fefcd267a26ee18ce2a07f64bab7f453c0c3e483316"
"md","step-02d-progressive-flow","core","core/workflows/brainstorming/steps/step-02d-progressive-flow.md","a28c7a3edf34ceb0eea203bf7dc80f39ca04974f6d1ec243f0a088281b2e55de"
"md","step-03-graceful-exit","core","core/workflows/party-mode/steps/step-03-graceful-exit.md","f2ecd702902a5e7baeea66be43a58917591f8e37a862b4e7449b536309a4de67"
"md","step-03-technique-execution","core","core/workflows/brainstorming/steps/step-03-technique-execution.md","9e6abceec5f774c57cd5205e30a1f24a95441131dbffcae9c3dce72111f95ceb"
"md","step-04-idea-organization","core","core/workflows/brainstorming/steps/step-04-idea-organization.md","5224490c33bf4b23b2897f3bcf12abe0b1ced306541dd60c21df0ce9fc65d1ac"
"md","template","core","core/workflows/brainstorming/template.md","5c99d76963eb5fc21db96c5a68f39711dca7c6ed30e4f7d22aedee9e8bb964f9"
"md","workflow","core","core/workflows/brainstorming/workflow.md","7d7f957ccd176faed2551e3089abfa49032963e980b5643d9384690af3d61203"
"md","workflow","core","core/workflows/party-mode/workflow.md","f8537e152df8db331d86e2a37e5ced55bccff3a71e290f82eb754d28c0c9ec08"
"xml","editorial-review-prose","core","core/tasks/editorial-review-prose.xml","49f462ddc5f20a6e2abf14e4b8f3a25c70885c6a6d776ef4674739dd7880988a"
"xml","editorial-review-structure","core","core/tasks/editorial-review-structure.xml","307edce94877dacdaafb10f7ea39115944c7d19e57228a7859abf2fee8b1a177"
"xml","index-docs","core","core/tasks/index-docs.xml","90076db678b1d65b4dd8b166731584fafc68e660e5015f309a1c78aae6e25a28"
"xml","review-adversarial-general","core","core/tasks/review-adversarial-general.xml","347436fde09411caaab10ff97e4cbd2bfef31dbe9f8db9e0eb49c3ed361ede7b"
"xml","shard-doc","core","core/tasks/shard-doc.xml","947f2c7d4f6bb269ad0bcc1a03227d0d6da642d9df47894b8ba215c5149aed3d"
"xml","workflow","core","core/tasks/workflow.xml","17bca7fa63bae20aaac4768d81463a7a2de7f80b60d4d9a8f36b70821ba86cfd"
"xml","workflow","core","core/workflows/advanced-elicitation/workflow.xml","ead4dc1e50c95d8966b3676842a57fca97c70d83f1f3b9e9c2d746821e6868b4"
"yaml","config","core","core/config.yaml","594e9436d19817bcf41869df0c1df5332d9df7bc67df9c4709891afe05bbc6ec"
